<?xml version="1.0" encoding="UTF-8"?>
<metadata><idinfo><citation><citeinfo><origin>Utah Automated Geographic Reference Center (AGRC)</origin><pubdate>20170310</pubdate><title>Ski Lifts</title><onlink>https://gis.utah.gov/data/recreation</onlink></citeinfo></citation><descript><abstract>Surface and aerial ski transportation lifts within Utah’s alpine ski areas and resorts. Lifts include lifts, trams, gondolas, and permanent rope tows and are represented as lines for Utah’s alpine ski areas: Alta, Beaver Mountain, Brian Head, Brighton, Cherry Peak, Deer Valley, Eagle Point, Park City, Powder Mountain, Snowbasin, Snowbird, Solitude, Sundance and Wolf Mountain.


The ski lifts were digitized from high resolution aerial photography by AGRC staff. They are for general cartographic or location purposes. Each feature carries the name of lift, the ski area/resort that operates it, skier capacity, base and top elevations, type of lift, and county.


This dataset reflects current lifts for the 2017-18 season. AGRC updates this dataset annually, as needed.</abstract><purpose>Display ski lifts, trams, gondolas, and rope tows for all of Utah ski resorts for general cartographic purposes. This dataset is maintained annually by Utah AGRC staff, with updates typically in the late Fall.</purpose></descript><timeperd><timeinfo><sngdate><caldate>2017</caldate></sngdate></timeinfo><current/></timeperd><status><progress>Complete</progress><update>As needed</update></status><spdom><bounding><westbc>-112.981988</westbc><eastbc>-111.433176</eastbc><northbc>41.981232</northbc><southbc>37.682285</southbc></bounding></spdom><keywords><theme><themekt>None</themekt><themekey>Ski Lifts</themekey><themekey>Ski Area</themekey><themekey>Ski Resorts</themekey><themekey>Alpine Skiing</themekey></theme><place><placekt/><placekey>Utah</placekey></place></keywords><accconst>None</accconst><useconst>There are no constraints or warranties with regard to the use of this dataset. Users are encouraged to attribute content to: State of Utah, SGID.This product is for informational purposes and may not have been prepared for, or be suitable for legal, engineering, or surveying purposes. Users of this information should review or consult the primary data and information sources to ascertain the usability of the information. AGRC provides these data in good faith and shall in no event be liable for any incorrect results, any lost profits and special, indirect or consequential damages to any party, arising out of or in connection with the use or the inability to use the data hereon or the services provided. AGRC provides these data and services as a convenience to the public. Further more, AGRC reserves the right to change or revise published data and/or these services at any time.</useconst><ptcontac><cntinfo><cntorgp><cntorg>Utah AGRC</cntorg><cntper/></cntorgp><cntpos/><cntaddr><addrtype>mailing and physical address</addrtype><address>Utah Automated Geographic Reference 1 State Office Building, Room 5130</address><city>Salt Lake City</city><state>UT</state><postal>84114</postal></cntaddr><cntvoice>801-538-3665</cntvoice></cntinfo></ptcontac></idinfo><distinfo><distrib><cntinfo><cntorgp><cntorg>Utah AGRC</cntorg><cntper/></cntorgp><cntpos/><cntaddr><addrtype>mailing and physical address</addrtype><address>Utah Automated Geographic Reference 1 State Office Building, Room 5130</address><city>Salt Lake City</city><state>UT</state><postal>84114</postal></cntaddr><cntvoice>801-538-3665</cntvoice></cntinfo></distrib><distliab/><stdorder><digform><digtinfo><formname>Downloadable File Geodatabase</formname></digtinfo><digtopt><onlinopt><computer><networka><networkr>https://drive.google.com/a/utah.gov/uc?id=0ByStJjVZ7c7mUk14ZEI5YnRMM1E&amp;export=download</networkr></networka></computer></onlinopt></digtopt></digform><digform><digtinfo><formname>Downloadable Shapefile</formname></digtinfo><digtopt><onlinopt><computer><networka><networkr>https://drive.google.com/a/utah.gov/uc?id=0ByStJjVZ7c7mR0tPV3cwLWRkTlk&amp;export=download</networkr></networka></computer></onlinopt></digtopt></digform><fees/></stdorder></distinfo><metainfo><metd/><metrd/><metc><cntinfo><cntorgp><cntorg>Utah AGRC</cntorg></cntorgp><cntaddr><addrtype>mailing and physical address</addrtype><address>Utah Automated Geographic Reference 1 State Office Building, Room 5130</address><city>Salt Lake City</city><state>UT</state><postal>84114</postal><country/></cntaddr><cntvoice>801-538-3665</cntvoice><cntemail/></cntinfo></metc><metstdn>FGDCContentStandardforDigitalGeospatialMetadata</metstdn><metstdv>FGDC-STD-001-1998</metstdv></metainfo><dataIdInfo><envirDesc Sync="TRUE"> Version 6.2 (Build 9200) ; Esri ArcGIS 10.5.1.7333</envirDesc><dataLang><languageCode value="eng" Sync="TRUE"/><countryCode value="USA" Sync="TRUE"/></dataLang><idCitation><resTitle Sync="TRUE">SkiLifts</resTitle><presForm><PresFormCd value="005" Sync="TRUE"/></presForm></idCitation><spatRpType><SpatRepTypCd value="001" Sync="TRUE"/></spatRpType><searchKeys><keyword>SGID</keyword><keyword>Recreation</keyword></searchKeys><resConst><Consts><useLimit>&lt;p&gt;The data, including but not limited to geographic data, tabular data, and analytical data, are provided &amp;quot;as is&amp;quot; and &amp;quot;as available&amp;quot;, with no guarantees relating to the availability, completeness, or accuracy of data, and without any express or implied warranties. These data are provided as a public service for informational purposes only. You are solely responsible for obtaining the proper evaluation of a location and associated data by a qualified professional. UGRC reserves the right to change, revise, suspend or discontinue published data and services without notice at any time. Neither UGRC nor the State of Utah are responsible for any misuse or misrepresentation of the data. UGRC and the State of Utah are not obligated to provide you with any maintenance or support. The user assumes the entire risk as to the quality and performance of the data. You agree to hold the State of Utah harmless for any claims, liability, costs, and damages relating to your use of the data. You agree that your sole remedy for any dissatisfaction or claims is to discontinue use of the data.&lt;/p&gt;&lt;p&gt;&lt;a href="https://creativecommons.org/licenses/by/4.0/" rel="license nofollow noopener ugc"&gt;&lt;img alt="Creative Commons License" src="https://i.creativecommons.org/l/by/4.0/88x31.png" rel="license nofollow noopener ugc" style="border-width:0;" /&gt;&lt;/a&gt;&lt;br /&gt;This work is licensed under a &lt;a href="https://creativecommons.org/licenses/by/4.0/" rel="license nofollow noopener ugc"&gt;Creative Commons Attribution 4.0 International License&lt;/a&gt;.&lt;/p&gt;</useLimit></Consts></resConst></dataIdInfo><mdLang><languageCode value="eng" Sync="TRUE"/><countryCode value="USA" Sync="TRUE"/></mdLang><Esri><DataProperties><itemProps><itemName Sync="TRUE">SkiLifts</itemName><imsContentType Sync="TRUE">002</imsContentType></itemProps><coordRef><type Sync="TRUE">Projected</type><geogcsn Sync="TRUE">GCS_North_American_1983</geogcsn><csUnits Sync="TRUE">Linear Unit: Meter (1.000000)</csUnits><projcsn Sync="TRUE">NAD_1983_UTM_Zone_12N</projcsn><peXml Sync="TRUE">&lt;ProjectedCoordinateSystem xsi:type='typens:ProjectedCoordinateSystem' xmlns:xsi='http://www.w3.org/2001/XMLSchema-instance' xmlns:xs='http://www.w3.org/2001/XMLSchema' xmlns:typens='http://www.esri.com/schemas/ArcGIS/10.5'&gt;&lt;WKT&gt;PROJCS[&amp;quot;NAD_1983_UTM_Zone_12N&amp;quot;,GEOGCS[&amp;quot;GCS_North_American_1983&amp;quot;,DATUM[&amp;quot;D_North_American_1983&amp;quot;,SPHEROID[&amp;quot;GRS_1980&amp;quot;,6378137.0,298.257222101]],PRIMEM[&amp;quot;Greenwich&amp;quot;,0.0],UNIT[&amp;quot;Degree&amp;quot;,0.0174532925199433]],PROJECTION[&amp;quot;Transverse_Mercator&amp;quot;],PARAMETER[&amp;quot;False_Easting&amp;quot;,500000.0],PARAMETER[&amp;quot;False_Northing&amp;quot;,0.0],PARAMETER[&amp;quot;Central_Meridian&amp;quot;,-111.0],PARAMETER[&amp;quot;Scale_Factor&amp;quot;,0.9996],PARAMETER[&amp;quot;Latitude_Of_Origin&amp;quot;,0.0],UNIT[&amp;quot;Meter&amp;quot;,1.0],AUTHORITY[&amp;quot;EPSG&amp;quot;,26912]]&lt;/WKT&gt;&lt;XOrigin&gt;-5120900&lt;/XOrigin&gt;&lt;YOrigin&gt;-9998100&lt;/YOrigin&gt;&lt;XYScale&gt;10000&lt;/XYScale&gt;&lt;ZOrigin&gt;-100000&lt;/ZOrigin&gt;&lt;ZScale&gt;10000&lt;/ZScale&gt;&lt;MOrigin&gt;-100000&lt;/MOrigin&gt;&lt;MScale&gt;10000&lt;/MScale&gt;&lt;XYTolerance&gt;0.001&lt;/XYTolerance&gt;&lt;ZTolerance&gt;0.001&lt;/ZTolerance&gt;&lt;MTolerance&gt;0.001&lt;/MTolerance&gt;&lt;HighPrecision&gt;true&lt;/HighPrecision&gt;&lt;WKID&gt;26912&lt;/WKID&gt;&lt;LatestWKID&gt;26912&lt;/LatestWKID&gt;&lt;/ProjectedCoordinateSystem&gt;</peXml></coordRef></DataProperties><SyncDate>20191023</SyncDate><SyncTime>14392100</SyncTime><ModDate>20191023</ModDate><ModTime>14392100</ModTime><CreaDate>20240307</CreaDate><CreaTime>21224400</CreaTime><ArcGISFormat>1.0</ArcGISFormat><SyncOnce>TRUE</SyncOnce></Esri><distInfo><distFormat><formatName Sync="TRUE">File Geodatabase Feature Class</formatName></distFormat></distInfo><mdHrLv><ScopeCd value="005" Sync="TRUE"/></mdHrLv><mdHrLvName Sync="TRUE">dataset</mdHrLvName><refSysInfo><RefSystem><refSysID><identCode code="26912" Sync="TRUE"/><idCodeSpace Sync="TRUE">EPSG</idCodeSpace><idVersion Sync="TRUE">6.13(3.0.1)</idVersion></refSysID></RefSystem></refSysInfo><spatRepInfo><VectSpatRep><geometObjs Name="SkiLifts"><geoObjTyp><GeoObjTypCd value="002" Sync="TRUE"/></geoObjTyp><geoObjCnt Sync="TRUE">0</geoObjCnt></geometObjs><topLvl><TopoLevCd value="001" Sync="TRUE"/></topLvl></VectSpatRep></spatRepInfo><spdoinfo><ptvctinf><esriterm Name="SkiLifts"><efeatyp Sync="TRUE">Simple</efeatyp><efeageom code="3" Sync="TRUE"/><esritopo Sync="TRUE">FALSE</esritopo><efeacnt Sync="TRUE">0</efeacnt><spindex Sync="TRUE">TRUE</spindex><linrefer Sync="TRUE">FALSE</linrefer></esriterm></ptvctinf></spdoinfo><eainfo><detailed Name="SkiLifts"><enttyp><enttypl Sync="TRUE">SkiLifts</enttypl><enttypt Sync="TRUE">Feature Class</enttypt><enttypc Sync="TRUE">0</enttypc></enttyp><attr><attrlabl Sync="TRUE">OBJECTID</attrlabl><attalias Sync="TRUE">OBJECTID</attalias><attrtype Sync="TRUE">OID</attrtype><attwidth Sync="TRUE">4</attwidth><atprecis Sync="TRUE">0</atprecis><attscale Sync="TRUE">0</attscale><attrdef Sync="TRUE">Internal feature number.</attrdef><attrdefs Sync="TRUE">Esri</attrdefs><attrdomv><udom Sync="TRUE">Sequential unique whole numbers that are automatically generated.</udom></attrdomv></attr><attr><attrlabl Sync="TRUE">Shape</attrlabl><attalias Sync="TRUE">Shape</attalias><attrtype Sync="TRUE">Geometry</attrtype><attwidth Sync="TRUE">0</attwidth><atprecis Sync="TRUE">0</atprecis><attscale Sync="TRUE">0</attscale><attrdef Sync="TRUE">Feature geometry.</attrdef><attrdefs Sync="TRUE">Esri</attrdefs><attrdomv><udom Sync="TRUE">Coordinates defining the features.</udom></attrdomv></attr><attr><attrlabl Sync="TRUE">RESORT</attrlabl><attalias Sync="TRUE">RESORT</attalias><attrtype Sync="TRUE">String</attrtype><attwidth Sync="TRUE">30</attwidth><atprecis Sync="TRUE">0</atprecis><attscale Sync="TRUE">0</attscale></attr><attr><attrlabl Sync="TRUE">LIFT_NAME</attrlabl><attalias Sync="TRUE">LIFT_NAME</attalias><attrtype Sync="TRUE">String</attrtype><attwidth Sync="TRUE">30</attwidth><atprecis Sync="TRUE">0</atprecis><attscale Sync="TRUE">0</attscale></attr><attr><attrlabl Sync="TRUE">TYPE</attrlabl><attalias Sync="TRUE">TYPE</attalias><attrtype Sync="TRUE">String</attrtype><attwidth Sync="TRUE">25</attwidth><atprecis Sync="TRUE">0</atprecis><attscale Sync="TRUE">0</attscale></attr><attr><attrlabl Sync="TRUE">CAPACITY</attrlabl><attalias Sync="TRUE">CAPACITY</attalias><attrtype Sync="TRUE">SmallInteger</attrtype><attwidth Sync="TRUE">2</attwidth><atprecis Sync="TRUE">0</atprecis><attscale Sync="TRUE">0</attscale></attr><attr><attrlabl Sync="TRUE">BASE_ELEVATION</attrlabl><attalias Sync="TRUE">BASE_ELEVATION</attalias><attrtype Sync="TRUE">Integer</attrtype><attwidth Sync="TRUE">4</attwidth><atprecis Sync="TRUE">0</atprecis><attscale Sync="TRUE">0</attscale></attr><attr><attrlabl Sync="TRUE">TOP_ELEVATION</attrlabl><attalias Sync="TRUE">TOP_ELEVATION</attalias><attrtype Sync="TRUE">Integer</attrtype><attwidth Sync="TRUE">4</attwidth><atprecis Sync="TRUE">0</atprecis><attscale Sync="TRUE">0</attscale></attr><attr><attrlabl Sync="TRUE">COUNTY</attrlabl><attalias Sync="TRUE">COUNTY</attalias><attrtype Sync="TRUE">String</attrtype><attwidth Sync="TRUE">20</attwidth><atprecis Sync="TRUE">0</atprecis><attscale Sync="TRUE">0</attscale></attr><attr><attrlabl Sync="TRUE">Shape_Length</attrlabl><attalias Sync="TRUE">Shape_Length</attalias><attrtype Sync="TRUE">Double</attrtype><attwidth Sync="TRUE">8</attwidth><atprecis Sync="TRUE">0</atprecis><attscale Sync="TRUE">0</attscale><attrdef Sync="TRUE">Length of feature in internal units.</attrdef><attrdefs Sync="TRUE">Esri</attrdefs><attrdomv><udom Sync="TRUE">Positive real numbers that are automatically generated.</udom></attrdomv></attr></detailed></eainfo><mdDateSt Sync="TRUE">20191023</mdDateSt></metadata>
