<?xml version="1.0" encoding="UTF-8"?><metadata>
    <idinfo>
        <citation>
            <citeinfo>
                <title>AvalanchePaths</title>
                <geoform>vector digital data</geoform>
            </citeinfo>
        </citation>
        <descript>
            <abstract>Avalanche paths of the tri-canyon (Millcreek, Big Cottonwood, Little Cottonwood) area. Avalanche paths were identified and digitized from aerial photography and 7.5 minute USGS quadrangles. Data were prepared by Utah AGRC staff for the Salt Lake County Wasatch Canyons Master Plan and published in September 1989.</abstract>
            <purpose>Avalanche path polygons for display and analysis.</purpose>
        </descript>
        <spdom>
            <bounding>
                <westbc>-111.752342</westbc>
                <eastbc>-111.559690</eastbc>
                <northbc>40.698365</northbc>
                <southbc>40.526385</southbc>
            </bounding>
        </spdom>
        <keywords>
            <theme>
                <themekt>None</themekt>
                <themekey>SGID</themekey>
                <themekey>Geoscience</themekey>
                <themekey>UGRC</themekey>
            </theme>
        </keywords>
        <accconst>None</accconst>
        <useconst>The data, including but not limited to geographic data, tabular data, and analytical data, are provided &amp;quot;as is&amp;quot; and &amp;quot;as available&amp;quot;, with no guarantees relating to the availability, completeness, or accuracy of data, and without any express or implied warranties. These data are provided as a public service for informational purposes only. You are solely responsible for obtaining the proper evaluation of a location and associated data by a qualified professional. UGRC reserves the right to change, revise, suspend or discontinue published data and services without notice at any time. Neither UGRC nor the State of Utah are responsible for any misuse or misrepresentation of the data. UGRC and the State of Utah are not obligated to provide you with any maintenance or support. The user assumes the entire risk as to the quality and performance of the data. You agree to hold the State of Utah harmless for any claims, liability, costs, and damages relating to your use of the data. You agree that your sole remedy for any dissatisfaction or claims is to discontinue use of the data.This work is licensed under a Creative Commons Attribution 4.0 International License.</useconst>
        <native> Version 6.2 (Build 9200) ; Esri ArcGIS 10.5.1.7333</native>
    </idinfo>
    <spdoinfo>
        <direct>Vector</direct>
        <ptvctinf>
            <sdtsterm>
                <sdtstype>GT-polygon composed of chains</sdtstype>
                <ptvctcnt>0</ptvctcnt>
            </sdtsterm>
        </ptvctinf>
    </spdoinfo>
    <eainfo>
        <detailed>
            <enttyp>
                <enttypl>AvalanchePaths</enttypl>
            </enttyp>
            <attr>
                <attrlabl>OBJECTID</attrlabl>
                <attrdef>Internal feature number.</attrdef>
                <attrdefs>Esri</attrdefs>
                <attrdomv>
                                        
                    
                    <udom>Sequential unique whole numbers that are automatically generated.</udom>
                                        
                
                </attrdomv>
            </attr>
            <attr>
                <attrlabl>NAME</attrlabl>
            </attr>
            <attr>
                <attrlabl>SIZE_OF_SLIDEPATH</attrlabl>
            </attr>
            <attr>
                <attrlabl>RETURN_INTERVAL</attrlabl>
            </attr>
            <attr>
                <attrlabl>STARTING_ZONE_ELEV</attrlabl>
            </attr>
            <attr>
                <attrlabl>VERTICAL_FALL</attrlabl>
            </attr>
            <attr>
                <attrlabl>DISTANCE_TO_HIGHWAY</attrlabl>
            </attr>
            <attr>
                <attrlabl>STARTING_ZONE_ASPECT</attrlabl>
            </attr>
            <attr>
                <attrlabl>Shape</attrlabl>
                <attrdef>Feature geometry.</attrdef>
                <attrdefs>Esri</attrdefs>
                <attrdomv>
                                        
                    
                    <udom>Coordinates defining the features.</udom>
                                        
                
                </attrdomv>
            </attr>
            <attr>
                <attrlabl>Shape_Length</attrlabl>
                <attrdef>Length of feature in internal units.</attrdef>
                <attrdefs>Esri</attrdefs>
                <attrdomv>
                                        
                    
                    <udom>Positive real numbers that are automatically generated.</udom>
                                        
                
                </attrdomv>
            </attr>
            <attr>
                <attrlabl>Shape_Area</attrlabl>
                <attrdef>Area of feature in internal units squared.</attrdef>
                <attrdefs>Esri</attrdefs>
                <attrdomv>
                                        
                    
                    <udom>Positive real numbers that are automatically generated.</udom>
                                        
                
                </attrdomv>
            </attr>
        </detailed>
    </eainfo>
    <metainfo>
        <metd>20191023</metd>
        <metstdn>FGDC Content Standard for Digital Geospatial Metadata</metstdn>
        <metstdv>FGDC-STD-001-1998</metstdv>
        <mettc>local time</mettc>
    </metainfo>
</metadata>
